co_cli;cliente;ciudad;direccion_principal;direccion_temporal;latitud;longitud;corregida
"000000001       ";EVENTOS MARKETING;CARACAS;TURAGUA EDO ARAGUA;NULL;10.46132927;-66.60308826;SI
"000587949       ";CAUCHOS DEL SUR, C.A;CARACAS;AV. LAS CIENCIAS ESQ. VARGAS EDIF. CANDE LOCAL B KIS CHAGUARAMOS, CARACAS;NULL;10.48408011;-66.88756223;SI
"001372700       ";ESTACION DE SERVICIO KM 1 C.A.;CARACAS;CTRA PANAMERICANA KM1 LOCAL NRO S/N URB COCHE CARACAS DTTO CAPITAL;NULL;10.45339080;-66.92592390;SI
"001714553       ";AUTO FRENOS DAVSN M C.A.;PARIATA;CALLE REAL LOS DOS CERRITOS ENTRE CINZANITO Y CEMENTERIO EDDY 86 PS PISO PB LOCAL 2 URB PARIATA MAIQUETIA EDO LA GUAIRA;NULL;10.59691910;-66.96518230;SI
"001724443       ";AUTO SERVICIO CASTRO C.A.;CATIA LA MAR;CALLE PROLONGACION SOUBLETTE LOCAL NRO S/N URB SOUBLETTE CATIA LA MAR EDO LA GUAIRA;NULL;10.59947890;-67.03873980;SI
"002175117       ";CAUCHOS LOS CAOBOS, C.A.;CARACAS;AV RIO DE JANEIRO, ENTRE LA AV. LA SALLE Y AV. LAS PALMAS, QTA CARMINA. LOS CAOBOS. CARACAS.;NULL;10.50155813;-66.88367408;SI
"002738456       ";CENTRO AUTOMOTRIZ LOS VIKINGOS C.A.;CARACAS;LOCAL NRO S/N SECTOR LA ESTACION VIA PARAISO DEL TUY SANTA TERESA DEL TUY EDO MIRANDA;NULL;10.23634390;-66.65946110;SI
"002745398       ";DISTRIBUIDORA ROTUTO C.A.;LA GUAIRA;AV. LA ATLANTIDA ENTRE CALLE 4 Y 5 EDIF.ROTUTOCA PISO PB OF S/N URB.LA ATLANTIDA CATIA LA MAR LA GUAIRA;NULL;10.60446080;-67.03039910;SI
"003098159       ";INVERSIONES HIEYLIC C.A.;CARACAS;ALTAMIRA CARACAS;NULL;10.49902849;-66.84461971;SI
"003139912       ";REPUESTOS PIDA Y PAGUE C.A.;SAN ANTONIO DE LOS ALTOS;CTRA PANAMERICANA KM 14 CC LOS LLANEROS NIVEL PB LOCAL S/N SECTOR LOS LLANEROS SAN ANTONIO DE LOS ALTOS EDO MIRANDA;NULL;10.37355360;-66.97083390;SI
"003220779       ";CORPORACION MOTRIZ N K M C.A.;CARACAS;AV LA HOYADA LOCAL NRO 1-1 URB LOS TEQUES LOS TEQUES EDO MIRANDA;NULL;10.34501190;-67.04131280;SI
"003738913       ";CAUCHOS APOLO 15, C.A.;CARACAS;AV. MIGUEL ANGEL DE BELLO MONTE;NULL;10.48609801;-66.87291940;SI
"075802365       ";MULTISERVICIOS DON LUIS C.A;VALENCIA;AV SALVADOR FEO LA CRUZ LOCAL NRO 91-205 SECTOR MAÑNGO VALENCIA EDO CARABOBO;NULL;10.23409460;-68.00380617;SI
"127297190       ";AGUSTIN MANUEL RODRIGUEZ Y/O DISTRIBUIDORA LUBRIAUTO;CARRIZALEZ;CALLE BOLIVAR EDIF NUESTRA SEÑORA DEL ROSARIO DE FATIMA PISO PB LOCAL 1 SECTOR CENTRO DE CARRIZALEZ EDO MIRANDA;NULL;10.34814260;-66.99262720;SI
"16329434        ";QUINTIN HERNANDEZ;CARACAS;BARRIO SAN BLAS PETARE EDO. MIRANDA;NULL;10.48965493;-66.86831487;SI
"197644539       ";MISLEB ALEXANDRA ALLEN MARTINEZ Y/O INVERSONES MISLEB ALLEN;LOS TEQUES;AVENIDA BERTORELLI EDIF COLIBRI PISO 1 APTO 1H1 CONJUNTO RESIDENCIAL EL ENCANTO LOS TEQUES EDO MIRANDA;NULL;10.34665460;-67.04219300;SI
"294303404       ";AUTOMOTRIZ LOS ALTOS R Y D C.A.;CARACAS;CRTA VIA SAN DIEGO LOCAL GALPON TOYOTA NRO 2 SECTOR GONZALERA LA ANUNCIACION SAN ANTONIO DE LOS ALTOS EDO. MIRANDA;NULL;10.37164110;-66.96201920;SI
"294421873       ";CAUCHOS Y ACCESORIOS PARA AUTOS LA RECTO DE LAS MINAS 2120 C.A.;CARACAS;CARRETERA PANAMERICANA CC CLUB DE CAMPO NIVEL SOTANO LOCAL S2-1 SECTOR LAS MINAS KM 16 SAN ANTONIO DE LOS ALTOS EDO MIRANDA;NULL;10.37121200;-66.98192830;SI
"294725295       ";KOTUSA MOTORS C.A.;CARACAS;CALLE CARABOBO CON CALLE SOJO LOCAL GALPON 443,444,445 Y 446 URB EL ROSAL CARACAS (CHACAO) EDO MIRANDA;NULL;10.48641420;-66.86128720;SI
"295188315       ";REPUESTOS DON JOSE 9007 C.A.;CATIA LA MAR;AVENIDA TACAGUA QTA MARILU URB LA ATLANTIDA CATIA LA MAR EDO LA GUAIRA;NULL;10.60416660;-67.02816600;SI
"295330324       ";TECNO DIESEL ACC C.A.;SAN ANTONIO DE LOS ALTOS;CALLE B SECTOR B ENTRE LOS KM 12 Y 13 LOCAL 15-B URB INDUSTRIAL KERH LOS SALIAS SAN ANTONIO DE LOS ALTOS EDO MIRANDA;NULL;10.38390510;-66.96493760;SI
"295336284       ";AUTOLAVADO Y ENGRASE CAMPANITA 2007 C.A.;LA GUAIRA;AV LA PLAYA LOCAL PARCELA DE TERRENO NRO 2 URB CATIA LA MAR EDO LA GUAIRA;NULL;10.60322510;-67.03534220;SI
"295607741       ";MOTO EXPRESS 1450 C.A.;CARACAS;AV PERIMETRAL LOS SALIAS LOCAL ESTACION DE SERVICIOS DON BLAS NRO 1-A SECTOR DON BLAS SAN ANTONIO DE LOS ALTOS EDO MIRANDA;NULL;10.37460710;-66.96565730;SI
"295922639       ";NEUMASTER 28, C.A.;CARACAS;COLINAS DE BELLO MONTE CON AV. LEONARDO DA VINCE Nº S/N ESTACION DE SERVICIO CARACAS;NULL;10.48918710;-66.88197155;SI
"296749213       ";M.P. INVERSIONES C.A.;LOS TEQUES;CALLE MIRANDA CC MODOYUAL NIVEL PB LOCAL 3 SECTOR EL PUEBLO LOS TEQUES EDO MIRANDA;NULL;10.35071200;-67.04107200;SI
"297070230       ";AKOX C.A.;LOS TEQUES;AV BERTORELLI CISNEROS EDIF RESIDENCIAS IMOLA PISO PB Y MZ LOCAL 2 Y LOC 2-1 SECTOR CAMATAGUA LOS TEQUES EDO MIRANDA;NULL;10.37189180;-66.96197990;SI
"297419748       ";MULTISERVICIOS SOUBLETTE A.C. C.A.;CATIA LA MAR;AV PRINCIPAL DE LA URB SOUBLETE LOCAL S/N URB LA SOUBLETTE  CATIA LA MAR EDO LA GUAIRA;NULL;10.59997230;-67.03865290;SI
"298011998       ";AUTOS VIP LAS MERCEDES C.A.;CARACAS;AV PRINCIPAL DE LAS MERCEDES EDIF CENTRO PROFESIONAL MERCEDES PISO PB LOCAL D URB LAS MERCEDES CARACAS;NULL;10.48246099;-66.86261641;SI
"298615737       ";MIX TIENDAS TREBOL, C.A.;CARACAS;AV GUAICAIPURO CON PICHINCHA E/S TREBOL EL ROSAL CASA N/A URB EL ROSAL CARACAS (CHACAO) EDO MIRANDA;NULL;10.48968735;-66.86846571;SI
"299361216       ";CORPORACION QUALITY YACHTS, C.A;CARACAS;AV.PPAL. LOCAL PARCELA NRO 17-B URB.PRADOS DEL ESTE CARACAS MIRANDA;NULL;10.45108590;-66.87844123;SI
"299540811       ";AUTOSERVICIOS AUTOSHOCK C.A.;CARACAS;AVENIDA PRINCIPAL DE LA GUAIRITA LOCAL NRO 17 URB EL CAFETAL CARACAS ( EL HATILLO EDO MIRANDA);NULL;10.44907996;-66.81973251;SI
"300294757       ";TALLER MECANICO LAS POLONIAS S.R.L.;SAN ANTONIO DE LOS ALTOS;CALLE RUTA UNO LAS POLONIAS NUEVAS CASA NRO S/N URB POLONIAS NUEVAS SAN ANTONIO DE LOS ALTOS EDO MIRANDA;NULL;10.36426820;-66.96465000;SI
"301607660       ";AUTO ACCESORIOS LA AUXILIADORA C.A.;SAN ANTONIO DE LOS ALTOS;CTRA PANAMERICANA CC LA AUXILIADORA NIVEL PB SECTOR LAS MINAS SAN ANTONIO DE LOS ALTOS EDO MIRANDA;NULL;10.37151750;-66.97772810;SI
"302839688       ";REPUESTOS REGONSA C.A.;SAN ANTONIO DE LOS ALTOS;CARRETERA PANAMERICANA KM14 C.C. EMPRESARIAL PANAMERICANO C.E.P.A.M NIVEL PB LOCAL B LAS MINAS, SAN ANTONIO DE LOS ALTOS EDO MIRANDA;NULL;10.37370740;-66.97036690;SI
"303142702       ";SUPER CAUCHO LA PORTELA C.A.;CARACAS;AV STADIUN A MEDIA CUADRA DEL CC LOS CHAGUARAMOS EDIF SN JOSE PISO PB LOCAL 1 Y 2 URB LOS CHAGUARAMOS CARACAS DTTO CAPITAL;NULL;10.48432691;-66.88567578;SI
"303202314       ";RADIAL SUPER GOMA C.A.;CARACAS;AVENIDA SIMON PLANA, SANTA MONICA;NULL;10.48081060;-66.89066800;SI
"303574190       ";CORPOMOTRIZ LOS SALIAS C.A.;SAN ANTONIO DE LOS ALTOS;CRTRA PANAMERICANA CC CASA BLANCA NIVEL PB LOCAL LONCAL NP D3 URB SAN ANTONIO DE LOS ALTOS EDO MIRANDA;NULL;10.37271780;-66.97321010;SI
"304884326       ";TALLER JOSGUICAR C.A.;LOS TEQUES;AV WILLIAM TURBAY LOCAL NRO 26 URB CLUB HIPICO ZONA INDUSTRIAL LOS CERRITOS LOS TEQUES EDO MIRANDA;NULL;10.35328570;-67.02212840;SI
"306747710       ";CORPORACION MULTISERVICIOS PANOFRE C.M.P. C.A.;CARACAS;CALLE MIRANDA LOCAL GALPON NRO. 10 ZONA EL PUEBLO LOS TEQUES EDO MIRANDA;NULL;10.34949190;-67.04216930;SI
"307828390       ";ELECTRIC PARTS GOMES;CATIA LA MAR;CALLE LA ARMADA EDIF LUZ MAR, TORRE 1 PISO PB LOCAL C-D SECTOR CATIA LA MAR VARGAS EDO LA GUAIRA;NULL;10.60049440;-67.01919370;SI
"308125490       ";MULTISERVICIOS ARIZONA, C.A.;CARACAS;AV. PROLONGACIÓN SUR LAS ACACIAS, QTA. MÍA. PLAZA VENEZUELA. CARACAS;NULL;10.49193701;-66.88078586;SI
"308215490       ";ESTACIONAMIENTO LOS PRIMOS C.A.;LOS TEQUES;CALLE MIRANDA ENTRE JUNIN Y GUAICAIPURO LOCAL NRO 7 SECTOR EL PUEBLO LOS TEQUES EDO MIRANDA;NULL;10.35071200;-67.04107200;SI
"308482153       ";AUTO SERVICIOS LARGO CAMINO MJM C.A.;SAN ANTONIO DE LOS ALTOS;CARRETERA PANAMERICANA KM 13 URB KERCH SAN ANTONIO DE LOS ALTOS EDO MIRANDA;NULL;10.38098690;-66.96559560;SI
"309479733       ";AUTO REPUESTOS LIDER C.A.;CARACAS;CARRETERA PANAMERICANA KM 15 CC LA AUXILIADORA NIVEL 1 LOCAL L 10 URB LOS SALIAS SAN ANTONIO DE LOS ALTOS EDO MIRANDA;NULL;10.37157100;-66.97734480;SI
"309675621       ";SERVICIOS STANDARD ELECTRIC 8385 C.A.;CARACAS;AV HUMBOLT EDIF TASSO PISO PB LOCAL NRO 2 URB BELLO MONTE CARACAS DTTO CAPITAL;NULL;10.49063310;-66.87404450;SI
"310671419       ";ISU DIESEL C.A.;CARACAS;CTRA PANAMERICANA KM 25 CC LA MATICA NIVEL PB LOCAL 01 SECTOR LA MATICA LOS TEQUES EDO MIRANDA;NULL;10.33788880;-67.03957610;SI
"311076069       ";J.R. AUTOMOTRIZ C.A.;MAIQUETIA;CALLE REAL DE PARIATA LOCAL RESD. PATRICIA NRO PB SECTOR LOS DOS CERRITOS MAIQUETIA ZONA POSTAL 1160;NULL;10.59690750;-66.96550700;SI
"311414654       ";DISTRIBUIDORA SHOPPER CENTER C.A.;SAN ANTONIO DE LOS ALTOS;CTRA PANAMERICANA CENTRO COMERCIAL LA ARCADA, LOCAL 1;NULL;10.36596490;-66.98652650;SI
"311880984       ";CENTRO AUTOMOTRIZ LIBERTADOR I, C.A.;CARACAS;AV. FINAL AV. LIBERTADOR LOCAL PARCELA Nº 85 URB BELLO CAMPO;NULL;10.49027175;-66.85109434;SI
"311941908       ";INVERSIONES TRIBOLCAR C.A.;SAN ANTONIO DE LOS ALTOS;CALLE PRINCIPAL LOCAL AUTOLAVADO TWISTER NRO S/N URB INDUSTRIAL LA MINAS SAN ANTONIO DE LOS ALTOS EDO MIRANDA;NULL;10.37641570;-66.96818570;SI
"312103531       ";INVERSIONES GRUPO 67 C.A.;LA GUAIRA;AV BOULEVARD NAIGUATA ENTRE AV LA OLAYA Y AV COSTANERA LOCAL E/S TEXACO URB EL CARIBE CARABALLEDA LA GUAIRA;NULL;10.61802680;-66.85133910;SI
"312267399       ";AUTOLAVADO AMAZONAS C.A.;SAN ANTONIO DE LOS ALTOS;CALLE VIA LA MORITA LOCAL GALPON AMAZONAS NRO S/N URB LA GONZALERA SAN ANTONIO DE LOS ALTOS EDO MIRANDA;NULL;10.37164110;-66.96201920;SI
"312823933       ";TONY MOTORS 2011 C.A.;MAIQUETIA;CALLE REAL DE PARIATA CASA NRO S/N SECTOR CRUZ DE PARIATA MAIQUETIA EDO LA GUAIRA;NULL;10.59722980;-66.96246890;SI
"313184780       ";LUBRICANTES BK C.A.;CATIA LA MAR;AVENIDA LA PLAYA CASA GALPON EL PARRAL #8 URB EL BALNEARIO CATIA LA MAR EDO LA GUAIRA;NULL;10.60266010;-67.03752580;SI
"314023691       ";ALIMENTOS GELATO E CAFEE, C.A.;CARACAS;CALLE LA PAZ, ESQUINA CALLE COMERCIO, CASA LA BALLESCA, LOCAL TERRAZA. EL HATILLO.;NULL;10.48312890;-66.84475341;SI
"315075334       ";INVERSIONES AREF DE VENEZUELA C.A.;CARACAS;CALLE PARIS ENTRE NUEVA YORK Y CARONI QUINTA MONSE NRO. 247 URB LAS MERCEDES CARACAS EDO MIRANDA;NULL;10.48157930;-66.85856670;SI
"317345576       ";AUTOMOTRIZ LECARS, C.A.;CARACAS;AV. FRANCISCO DE MIRANDA LOCAL NRO 8 URB.LOS PALOS GRANDES CHACAO (CARACAS);NULL;10.48286208;-66.86226757;SI
"317669780       ";MULTISERVICIOS CATIA LA MAR F.B.R. C.A.;CATIA LA MAR;AV TACAGUA LOCAL PARCELA 29 URBANIZACION LA ATLANTIDA CATIA LA MAR EDO LA GUAIRA;NULL;10.60375010;-67.02705930;SI
"401110843       ";HAKKINEN ACCESORIOS CHROME STYLE, C.A.;CARACAS;CALLE PRIMERA CON TRANSVERSAL IZQUIERDA, AV LAS PALMAS, EDF. VOGUE PB-6 URBANIZACION BOLEITA SUR CARACAS;NULL;10.48925023;-66.82392211;SI
"401420710       ";REPUESTOS YAREY C.A.;CARACAS;AVENIDA BOLIVAR EDIF DON PEDRO PISO PB LOCAL 2 URB CHACAO CARACAS EDO MIRANDA;NULL;10.49326020;-66.85956950;SI
"402457596       ";INVERSIONES O.N.E.S 16 C.A.;CARRIZAL;AV BOLIVAR LOCAL NRO 32 ZONA CARRIZAL EDO MIRANDA;NULL;10.34813170;-66.99258660;SI
"402966636       ";AUTO FRIO RODRIGUEZ 2013 C.A.;LA GUAIRA;AVENIDA LA PLAYA ENTRE AVENIDA MIAMI Y LOS 2 CAMINOS EDIF EL PALMAR PISO PB LOCAL S/N URB EL PALMAR OESTE CARABALLEDA LA GUAIRA EDO LA GUAIRA;NULL;10.60898260;-66.88345470;SI
"403194335       ";LUBRICANTES Y REPUESTOS EL LICEO C.A.;LOS TEQUES;AV EL LICEO LOCAL SAN JOSE NRO 2 SECTOR EL TAMBOR LOS TEQUES EDO MIRANDA;NULL;10.35139050;-67.03999040;SI
"403245886       ";TRUCK  STORE C.A.;CARACAS;LA GUAIRITA CARACAS;NULL;10.44886508;-66.81844811;SI
"404246622       ";INVERSIONES AUDIO CARS TACAGUA C.A.;CATIA LA MAR;AVENIDA PRINCIPAL DE CATIA LA MAR CON CALLE CATORCE DE LA AV TACAGUA CC LA PARADA NIVEL PB LOCAL 04 URB ATLANTIDA CATIA LA MAR EDO LA GUAIRA;NULL;10.60357430;-67.02643120;SI
"404315535       ";INVERSIONES SOLCAR 29 C.A.;LA GUAIRA;AV PRINCIPAL LOCAL NRO 44 URB PLAYA VERDE CATIA LA MAR EDO LA GUAIRA;NULL;10.60325380;-67.02990680;SI
"405283181       ";MULTISERVICIOS EQUIPANOFRE C.A.;CARACAS;CALLE INDUSTRIAS LA ROSALEDA LOCAL AUTOLAVADO EXPRESS NRO 6 SECTOR POTRERO MEDIO GUADALUPE - CARRIZAL EDO.MIRANDA;NULL;10.36829590;-66.98674020;SI
"405881623       ";MULTISERVICIOS IMMORTAL 4X4, C.A.;CARACAS;CARACAS;NULL;10.49478043;-66.85257711;SI
"406517135       ";INVERSIONES JBARROETA C.A.;SAN ANTONIO DE LOS ALTOS;AV LOS SALIAS CC DON BLAS SECTOR DON BLAS SAN ANTONIO DE LOS ALTOS EDO MIRANDA;NULL;10.37460710;-66.96565730;SI
"406986682       ";INVERSIONES LA FORTALEZA E.O. C.A.;CATIA LA MAR;AV TACAGUA ENTRE 16 Y 17 CASA PB NRO 21 URB LA ATLANTIDA CATIA LA MAR EDO VARGAS;NULL;10.60314930;-67.02522050;SI
"407789287       ";INVERSIONES ONASSIS XXI C.A.;LOS TEQUES;CALLE GUAICAIPURO LOCAL NRO S/N SECTOR PUNTA BRAVA LOS TEQUES EDO MIRANDA;NULL;10.34968910;-67.04689080;SI
"408881594       ";INVERSIONES MARQDEI C.A.;SAN ANTONIO DE LOS ALTOS;AV LOS SALIAS CC CENTRO COMERCIAL DON SILVERIO ZABALA LADO SUR NIVEL EST LOCAL B URB LOS CASTORES SAN ANTONIO DE LOS ALTOS EDO MIRANDA;NULL;10.37381170;-66.96185580;SI
"409588424       ";MULTIFILTROS VE 2017 C.A.;CARACAS;AV BARALT EDIF SAN PABLO PISO 16 APT 16-8 ZONA ESQUINA DE CUARTEL VIEJO A PINEDA CARACAS DTTO CAPITAL;NULL;10.48538406;-66.88855825;SI
"410532270       ";RC MOTORS C.A.;SAN ANTONIO DE LOS ALTOS;CALLE B LOCAL NRO 15 URB URBANIZACION KERCH SAN ANTONIO DE LOS ALTOS EDO MIRANDA;NULL;10.38387880;-66.96493870;SI
"410691093       ";MULTISERVICIOS TODO 4X4, C.A;CARACAS;AV. AVENIDA AMERICA EDIF. JARDIN AMERICA II PISO 1 APT 11 URB LAS ACACIAS CARACAS - DISTRITO CAPITAL;NULL;10.48226930;-66.89000080;SI
"411265462       ";INVERSIONES THE FRANNKIE BROTHERS, C.A.;CARACAS;AV PRINCIPAL CON CUARTA TRANSVERSAL EDIF RORI-PARAMAUT PISO PLANTA ALTA SOT LOCAL NA URB LOS CORTIJOS DE LOURDES CARACAS EDO MIRANDA;NULL;10.48300963;-66.82742416;SI
"411981354       ";INVERSIONES ARSENAL4WD, C.A.;CARACAS;AV. ALTAMIRA SUR, EDIF. SAN ANTONIO PISO PB LOCAL PB, ALTAMIRA CARACAS;NULL;10.49195720;-66.84913790;SI
"412078453       ";INVERSIONES LIDO C.A.;CARABALLEDA;AV LA COSTANERA EDIF LIDO PISO PB LOCAL NRO 9 SECTOR LOS CORALES, PALMAR OESTE CARABALLEDA EDO LA GUAIRA;NULL;10.61394190;-66.86119400;SI
"486319545       ";MULTISERVICIOS CITY WASH C.A.;CARRIZAL;CALLE PRINCIPAL CC SAN MIGUEL NIVEL PB LOCAL S/N URB POLONIAS VIEJAS CARRIZAL EDO MIRANDA;NULL;10.35718580;-66.96765560;SI
"500192975       ";GRUPO ADB 2020 C.A.;CARACAS;AVENIDA PRINCIPAL DE LA GUAIRITA LOCAL NRO PB SECTOR LA GUAIRITA CARACAS EL HATILLO EDO MIRANDA;NULL;10.45010510;-66.82200825;SI
"500410026       ";AUTO SEVEN C.A.;CARACAS;AVENIDA FRANCISCO DE MIRANDA EDIF ESTACION DE SERVICIO LOCAL 2.3.4.5 URB BOLEITA SUR CARACAS EDO MIRANDA;NULL;10.48749830;-66.85268010;SI
"500514727       ";INVERSIONES KILLERTIRES C.A.;SAN ANTONIO DE LOS ALTOS;CTRA SAN ANTONIO SAN DIEGO CC LAS POLONIAS NIVEL PB SECTOR LAS POLONIAS SAN ANTONIO DE LOS ALTOS EDO MIRANDA;NULL;10.36354510;-66.96498970;SI
"501068895       ";BAR RESTAURANTE GUARAGUAO 1948 C.A.;CARACAS;AV REDOMA DE GUARAGUA LOCAL NRO S/N SECTOR GUARAGUAO PUERTO LA CRUZ EDO ANZOATEQUI;NULL;10.47375487;-66.83784877;SI
"501560188       ";SERVIEXPRESS PASEO LA CASTELLANA 19, C.A;NULL;LA CASTELLANA -  CARACAS Calle Jose Félix Ribas, con Avenida principal La Castellana, Local 10;NULL;10.49583406;-66.85218193;SI
"501623112       ";ASOCIACION CIVIL CONDUCTORES UNIDOS CARACAS GGOO, 2021;CARACAS;CALLE PARAISO EDIF CONDUCTORES UNIDOS PISO 1 LOCAL 24U SECTOR GUATIRE EDO MIRANDA;NULL;10.47561630;-66.54495000;SI
"501694656       ";DESARROLLOS 1947 0101 C.A.;CARACAS;AV PRINCIPAL CASA TERRENO SUP 51994 M2-PC NRO 4 URB  MACARACUAY CARACAS EDO MIRANDA;NULL;10.46843285;-66.81791716;SI
"502152512       ";DISTRIBUIDORA MOTO ASIA 88 C.A.;LOS TEQUES;CALLE GUAICAIPURO LOCAL NRO A Y B SECTOR EL PUEBLO LOS TEQUES EDO MIRANDA;NULL;10.34950090;-67.04219390;SI
"502247971       ";AUTO TOITO 2022 C.A.;SAN ANTONIO DE LOS ALTOS;AV BOLIVAR LOCAL AUTO LAVADO NRO S/N URB EL SITIO SAN ANTONIO DE LOS ALTOS EDO MIRANDA;NULL;10.37817040;-66.94896500;SI
"502426868       ";REPUESTOS POLONIAUTO, C.A.;CARACAS;CARRETERA VIA SAN DIEGO DE LOS ALTOS C.C. LAS POLONIAS NIVEL PLANTA BAJA LOCAL NRO 2D SECTOR LAS POLONIAS SAN ANTONIO DE LOS ALTOS;NULL;10.36376680;-66.96479180;SI
"502478639       ";DR IMPORTS 2022 C.A.;NULL;AV.PRINCIPAL CASA S/N NRO S/N SECTOR RINCON CHIQUITO CATIA LA MAR VARGAS;NULL;10.60831070;-67.03128300;SI
"503073292       ";AUTOPARTES KRP IV, C.A;CARACAS;CALLE REAL CASA NRO S/N BARRIO AQUI ESTA SECTOR LOS CERRITOS MAIQUETIA   ESTADO LA GUAIRA;NULL;10.59773610;-66.96730320;SI
"503089997       ";JAHDAI OLIVO MOTORS C.A.;VARGAS;AV SOUBLETTE CC MIRAMAR NIVEL PB LOCAL GALPON SECTOR PARIATA MAIQUETIA EDO LA GUAIRA;NULL;10.59841820;-66.96129070;SI
"503214236       ";MOTO REPUESTOS GUAICAIPURO C.A.;LOS TEQUES;CALLE BOYACA CENTRO COMERCIAL BOYACA NIVEL PLANTA LOCAL NRO 07 ZONA CENTRO LOS TEQUES EDO MIRANDA;NULL;10.34151970;-67.03989090;SI
"503327707       ";1080 ZIP MARKET C.A.;CARACAS;AV RIO TICOPORO ESTACION DE SERVICIO EDIF LA CIUDADELA PISO S/N LOCAL S/N URB LA CIUDADELA CARACAS EDO MIRANDA;NULL;10.44992993;-66.87588645;SI
"503624582       ";EVOLUTION CARS 2000 C.A.;CARACAS;AV EL ESTADIO CRUCE CON AVENIDA BELLAS ARTES EDIF SANTA MARIANNIUNA PISO PB LOCAL 2 URB LOS CHAGUARAMOS CARACAS DTTO CAPITAL;NULL;10.48398473;-66.88688643;SI
"503706543       ";AUTOSERVICIOS Y CAUCHOS AVILA C.A.;CARACAS;AVENIDA LIBERTADOR CON ESQUINA CALLE JOSE FELIX SOSA LOCAL NRO. 10-11 URB BELLO CAMPO CHACAO CARACAS;NULL;10.49033928;-66.85439488;SI
"503845538       ";MULTIMILLA C.A.;SAN ANTONIO DE LOS ALTOS;CTRA VIA PRINCIPAL LAS POLONIAS CC SANTA MARTA NIVEL PB LOCAL B-3 SECTOR SAN ANTONIO DE LOS ALTOS SAN ANTONIO DE LOS ALTOS EDO MIRANDA;NULL;10.36426820;-66.96465000;SI
"504012173       ";MULTISERVICIOS ZONA KARS CCS C.A.;CARACAS;CRTRA K1 AUTOPISTA VALLE-COCHE LOCAL ESTACION SERVICIO IPSFA NRO S/N SECTOR COCHE CARACAS DTTO CAPITAL;NULL;10.45826240;-66.91362320;SI
"504727822       ";CRUISER PARTS SUPER STORE, C.A;CARACAS;AV.TERESA DE LA PARERA EDIF DIAMANTE PISO PB LOCAL A URB.SANTA MONICA CARACASDISTRITO CAPITAL;NULL;10.47817870;-66.89234850;SI
"504852546       ";INVERSIONES MOTORRAD LA MERCEDES C,A,;CARACAS;CALLE PARIS ENTRE NEW YORK Y CARONI QTA MARIA CONSUELO NRO 247 OF P´LANTA BAJA ANEXO NRO 1 URB LAS MERCEDES CARACAS EDO MIRANDA;NULL;10.48215982;-66.85901912;SI
"505701045       ";THE BIG MOTO CENTER, C.A;LOS TEQUES;CTRA PANAMERICANA KM 25 EDIF. DON ANGELO PISO PB LOCAL PB-2 SECTOR LA MATA LOS TEQUES EDO MIRANDA;NULL;10.33954670;-67.03840620;SI
"506275430       ";TOYOTENGO C.A.;CARACAS;CALLE CAPITOLIO LOCAL GALPON LA CAÑADA NRO 01 SECTOR BOLEITA SUR CARACAS EDO MIRANDA;NULL;10.49140575;-66.82342437;SI
"6370996         ";JULIO BELANDRIA;CARACAS;GUATIRE. ESTaDO MIRANDA.;NULL;10.48461040;-66.56604440;SI
"6558510         ";GERONIMO PORTELA;CARACAS;AV.BARALT - CARACAS;NULL;10.48257790;-66.84411840;SI
"7958591         ";ALEXANDER RIVERO;Guarenas;Guarenas;NULL;10.46142392;-66.60308817;SI
"80402884        ";ROBERTO MONTANARI;VALENCIA;RES. 4033 PARK VALLES DE CAMORUCO VALENCIA EDO CARABOBO;NULL;10.48310749;-66.84469617;SI
"82022111        ";ANDREA FALCONE;CARACAS;EL PLACER. CARACAS. ESTADO MIRANDA.;NULL;10.48324267;-66.84461406;SI
412337327;ISLA DE LOS RIOS, C.A.;LA ASUNCI�N;CALLE LOS ALMENDROS EDIF ESPARTA SUITES, CENTRO EMPRESARIAL WISA PISO PB OF 10 URB COSTA AZUL PORLOAMAR EDO NUEVA ESPARTA;NULL;10.97172507;-63.82038029;NO
301182642;DISTRIBUIDORA ATLANTIS C.A.;MARACAIBO;AV 3F ENTRE CALLES 58 Y 58A EDIF LA SUIZA PISO B PISO PB LOCAL PB SECTOR LAS MERCEDES DON BOSCO MARACAIBO EDO ZULIA;NULL;10.68526640;-71.60184521;NO
402574096;VENE CARS 66 C.A.;LA GUAIRA;AV BOULEVARD NAIGUATA EDIF VISTA HERMOSA PISO PB LOCAL NRO 1 URB CARIBE CARABALLEDA EDO VARGAS;NULL;10.61526345;-66.84247385;NO
412078488;CAUCHOS LIDO C.A.;LA GUAIRA;AV LA COSTANERA EDIF LIO PISO PB LOCAL NRO 10 URB PALMAR OESTE CARABALLEDA LA GUAIRA;NULL;10.61356326;-66.86016128;NO
8619335;ALMACENADORA LA GUAIRA C.A.;LA GUAIRA;AV PRINCIPAL PLAYA GRANDE EDIF ALMACENADORA LA GUAIRA PISO 1 OF 1 URB PLAYA GRANDE CATIA LA MAR EDO LA GUAIRA;NULL;10.60498644;-67.02809032;NO
302378079;ALMACENADORA MERCADUANA, C. A.;VALENCIA;CALLE S/N LOCAL PARCELA NRO 2 ZONA INDUSTRIAL LA ELVIRA PTO.CABELLO EDO. CARABOBO;NULL;10.60009710;-66.96716497;NO
2468971;ALMACENADORA MARALY, C.A.;LA GUAIRA;AV. SOUBLETTE LOCAL FRENTE AL BLOQUE 10 DE MARZO SECTOR CABO BLANCO MAIQUETIA - LA GUAIRA;NULL;10.59913276;-66.97317156;NO
501254877;INVERSIONES LUBRIBYAL C.A.;CARACAS;CALLE EL CRISTO ZONA INDUSTRIAL DE LOS MAGALLANES DE CATIA LOCAL CASA 2 ZONA SUCRE CARACAS DTTO CAPITAL;NULL;10.51583219;-66.94908747;NO
501590443;AUTOPARTES AVARY 21 C.A.;CARACAS;AVENIDA SUCRE DE CATIA CALLE EL NACIMIENTO LOCAL NRO 1-A URB LOS FRAILES CARACAS DTTO CAPITAL;NULL;10.51519826;-66.93587350;NO
404920846;TALLER Y LUBRICANTES GERZUGH 2014 C.A.;CARACAS;AV PPAL DE LOS FLORES DE CATIA LOCAL GALPON NRO E ZONA PARROQUIA SUCRE CARACAS DTTO FEDERAL;NULL;10.51392430;-66.93245908;NO
502714243;MULTISERVICIOS OROCARS 2020 C.A.;CARACAS;AV SUCRE DE CATIA EDF NAIGUATA PISO PB LOCAL B-4 SECTOR AGUA SALUD CARACAS DTTO CAPITAL;NULL;10.51344715;-66.92846745;NO
501652171;WAOO MOTORS SERVICES C.A.;CARACAS;CALLE LOPEZ MENDEZ CASA NRO 490 URB SAN BERNARDINO CARACAS DTTO CAPITAL;NULL;10.51327752;-66.89094746;NO
502502890;INVERSIONES TAPPIZ MOTTOS JUNIOR 3000 C.A.;CARACAS;AV SUCRE TINAJITAS A AGUA SALUD EDIF 118 PISO 2 LOCAL 8 SECTOR AGUA SALUD CATIA CARACAS DTTO CAPITAL;NULL;10.51255276;-66.92626123;NO
412332503;DISTRIBUIDORA PRO CARS, C.A.;CARACAS;AV. AUGUSTO CESAR SANDINO QTA KIANA URB MARIPEREZ CARACAS DISTRITO CAPITAL;NULL;10.51206705;-66.88552404;NO
311592024;AUTO SERVICIOS TECNO CLINIC C.A;CARACAS;AV.PPAL MARIPEREZ QTA.ENIX URB. MARIPEREZ CARACAS DTTO FEDERAL;NULL;10.51180247;-66.88565035;NO
407655507;OROZCO MOTORS GROUP 3000 C.A.;CARACAS;AV SUCRE LOCAL INMUEBLE 118 NRO 2 SECTOR TINAJITAS AGUA SALUD CARACAS DTTO CAPITAL;NULL;10.51165369;-66.92420204;NO
502627669;COMERCIAL ROQUE GALINDO C.A;CARACAS;CALLE REAL DE LOS FLORES DE CATIA CON 2DA. AVENIDA CASA NRO 14 URB.NUEVA CARACAS, CARACAS DTTO CAPITAL;NULL;10.51158911;-66.94305171;NO
502148280;ELECTROAUTO EL RINCON DEL TAXISTA C,A,;CARACAS;AV DIAGONAL A LA PLAZA DIEGO LOZADA CASA NRO 48 URB MONTE DE PIEDAD 23 DE ENERO CARACAS DTTO CAPITAL;NULL;10.51119702;-66.92750046;NO
412983458;TALLERES LEO 245 C.A.;CARACAS;AV EL CUARTEL URDANETA EST SERVIO BRASIL LOCALO NRO SN URB  NUEVA CARACAS CARACAS DTTO CAPITAL;NULL;10.51055361;-66.95036328;NO
408940434;MULTISERVICIOS SANAHUJA 3G C.A.;CARACAS;AVENIDA PRINCIPAL VEREDA 11 CASA NRO 1-A URB URDANETA, CATIA CARACAS DTTO CAPITAL;NULL;10.50863507;-66.95286836;NO
502069593;JEM CARS PARTS C.A.;CARACAS;CALLE BELLA VISTA LOCAL NRO 05-107 ZONA E, 23 DE ENERO CARACAS;NULL;10.50829031;-66.94002592;NO
409491196;INVERSIONES R&C 1817 C.A.;CARACAS;AV SUR 41 ENTRE ESQUINAS DE TORRES A VEROES EDIF LANDER MINICENTRO BOLIVAR PISO SOTANO LOCAL 51 URB CATEDRAL CARACAS DTTO FEDERAL;NULL;10.50754867;-66.91284604;NO
504154598;INVERSIONES MULTIMOTO 18 CA.;CARACAS;AV ESTE Y SUR 11, ESQUINA FERRENQUIN A MANDUCA LOTE DE TERRENO 123 LOCAL NRO SN SECTOR NO INDICA CARACAS DTTO CAPITAL;NULL;10.50516934;-66.90689694;NO
408183447;INVERSIONES CM CARS BLU C.A.;CARACAS;AVENIDA LOS SAMANES QTA NRO 40 URB LA FLORIDA CARACAS DTTO CAPITAL;NULL;10.50297163;-66.87658517;NO
500552041;REMPO 98 INC, C.A.;CARACAS;CALLE VENUS A QUEBRADA HONDA EDIFICIO VENUS LOCAL 6 SECTOR QUEBRADA HONDA CARACAS;NULL;10.50266716;-66.89642519;NO
502665242;INVERSIONES MALI 1318 C.A.;CARACAS;AV ESTE PUENTE VICTORIA A SAN LORENZO EDIF GALPON S/N PISO O LOCAL S/N URB LA CANDELARIA CARACAS DTTO. CAPITAL;NULL;10.50169679;-66.90816558;NO
504578223;GALAXIA LPG C.A.;CARACAS;CALLE TRANSVERSAL 3 QTA LA ITA NRO 4416 URB LOS PALOS GRANDES CARACAS (CHACAO) EDO MIRANDA;NULL;10.50094762;-66.84633939;NO
401877583;AUTOPERIQUITO LA CAMPI�A C.A.;CARACAS;AV 2 EL MIRADOR QTA SANTA EDUVIGIS NRO S/N LOCAL 1 URB LA CAMPI�A CARACAS EDO MIRANDA;NULL;10.50069313;-66.87867068;NO
503076658;AUTO ACCESORIOS VZLA, C.A.;;AV. PRINCIPAL DE SAN MARTIN LOCAL HOTEL EL OESTE NRO.01 URB. SAN MARTIN DTTO CAPITAAL;NULL;10.50005610;-66.92349807;NO
298834587;DISTRIBUIDORA AHMADAD 57 C.A.;CARACAS;AVENIDA LECUNA ESQUINA VELAZQUEZ EDF 96-A LOCAL 2 MUNICIPIO LIBERTADOR;NULL;10.50001973;-66.91419336;NO
500546114;COMERCIALIZADORA IREMI 637865, C.A.;CARACAS;AV QUITO EDIF VIZCAYA PISO 1 OFC 8 URB LOS CAOBOS PLAZA VENEZUELA CARACAS DTTO CAPITAL;NULL;10.49769779;-66.88267158;NO
314283715;ACC TIRES C.A.;CARACAS;CALLE B C/AVENIDA SANATORIO DEL AVILA CC CONJUNTO CENTER TORRE E NIVEL 7 OF 724-E URB BOLEITA NORTE CARACAS;NULL;10.49758897;-66.82330979;NO
306234373;AUTO REPUESTO MONTECARLO C.A.;CARACAS;AV ESTE 10 BIS ENTRE SUR 15 Y 17 CASA 59 SECTOR EL CONDE CARACAS DTTO CAPITAL;NULL;10.49755732;-66.90459487;NO
500780745;SERVICIOS LUVI C.A.;CARACAS;CALLE PARCELA 1, MANZANA L CASA S/N NRO S/N URB LA CASTELLANA CARACAS CHACAO EDO MIRANDA;NULL;10.49702005;-66.85384934;NO
1461485;CAUCHOS LOS TAVARES, C.A.;CARACAS;1ERA TRANVERSAL AV. SUCRE C/C LA LINEA DE LOS DOS CAMINOS. CARACAS.;NULL;10.49669355;-66.83338330;NO
468494;GENERAL DISTRIBUIDORA S.A. GEDISA;CARACAS;AV PRINCIPAL EDF CARI PISO PH APT PH URB BOLEITA NORTE CARACAS EDO MIRANDA;NULL;10.49598414;-66.82214832;NO
503376309;PANKI GARAGE C.A.;CARACAS;AV EL CARMEN CON 1RA TRANSVERSAL QTA VILLA MERCEDES NRO 1 URB LOS DOS CAMINOS CARACAS;NULL;10.49591726;-66.83015565;NO
304915039;MAQUINARIAS GIANPRO C.A.;CARACAS;AV 3RA ENTRE 1RA TRANSVERSAL Y ROMULO GALLEGOS CAS NRO 3 URB MONTECRISTO CARACAS EDO MIRANDA;NULL;10.49464334;-66.82655547;NO
304915330;G.C. AUTOPARTES C.A.;CARACAS;AV FRANCISCO DE MIRANDA EDIF GUARIMBA PISO PB LOCAL 8 URB LOS DOS CAMINOS EDO MIRANDA;NULL;10.49458094;-66.83348626;NO
296255970;RUEDAS LA CARLOTA C,A.;CARACAS;CALLE GUANCHEZ ENTRE FRANCISCO MIRANDA Y ROMULO GALLEGOS LOCAL NRO.S/N URB. LOS DOS CAMINOS EDO MIRANDA;NULL;10.49404488;-66.83058314;NO
500575599;COMERCIALIZADORA DRI-K, C.A.;CARACAS;AV SAN IGNACIO EDIF VICTORIA PISO PB LOCAL B URB CHACAO CHARACAS EDO MIRANDA;NULL;10.49373354;-66.85597598;NO
500957971;REPUESTOS PLANETA 59, C.A.;CARACAS;AV. LOS APAMATES CASA NRO 3 PB LOCAL P.B. URB. SABANA GRANDE CARACAS - DISTRITO CAPITAL;NULL;10.49367218;-66.87499880;NO
507019616;TODO MOTO SPEED C.A.;CARACAS;AV SAN MARTIN CALLE BERNARDO SLIMARK LOCAL NRO C-10 SECTOR SAN MARTIN CARACAS DTTO CAPITAL;NULL;10.49339781;-66.93483807;NO
411712140;USADITOS CARS AG C.A.;CARACAS;CALLE LOS MANGOS QTA ANABELL NRO S/N URB SAN ANTONIO SABANA GRANDE CARACAS DTTO CAPITAL;NULL;10.49298940;-66.88185062;NO
402876874;INVERSIONES PRO MOTOS JJ C.A.;CARACAS;AV SUR 5 ESTE 1ERA Y SDA CALLE EDF CINE PISO B LOCAL LU SECTOR PUENTE HIERRO CARACAS DTTO FEDERAL;NULL;10.49297944;-66.91260855;NO
307706708;AUTO LAVADO PREVETE C.A.;CARACAS;CALLE CALLEJON MACHADO QTA SAN CARLOS NRO S/N URBANIZACION EL PARAISO CARACAS DTTO CAPITAL;NULL;10.49285028;-66.92377766;NO
311553916;FILTROS GLAVEOL C.A.;CARACAS;CALLE 6 EDF SEGRE II PISO 3 LOCAL UNICO URB LA URBINA CARACAS EDO MIRANDA;NULL;10.49244160;-66.81153217;NO
11514796;RICHARD RAMOS;CARACAS;CARACAS;NULL;10.49206435;-66.85176637;NO
506489848;GRUPO WD4MM C.A.;CARACAS;AV PRINCIPAL BELLO CAMPO MAZANA J LOCAL PARCELAS NRO 98-98-99-100 Y 117 URB BELLO CAMPO CARACAS CHACAO EDO MIRANDA;NULL;10.49206435;-66.85176637;NO
502238344;MULTIMASI 927 C.A.;CARACAS;CALLE 4TA TRANSVERSAL EDIF ROSA PISO PB LOCAL 1 URBANIZACION BOLEITA SUR CARACAS EDO MIRANDA;NULL;10.49197125;-66.82155397;NO
401707050;CORPORACION CARRERA 3 C.A.;CARACAS;AV FRANCISCO DE MIRANDA ENTRE AV LIBERTADOR Y CALLE EL MU�ECO EDIF ANDREA PISO PB LOCAL 1 URB CHACAO CARACAS EDO MIRANDA;NULL;10.49180546;-66.85985979;NO
501190046;TRANSPORTE JEAMPIER 2018 C.A.;CARACAS;AV FRANCISCO DE MIRANDA CON CALLE LA JOYA E EL METRO EDIF COSMOS A PISO 2 APTO 2-C CHACAO CARACAS;NULL;10.49167227;-66.85741615;NO
408876060;CAR AUTO EL PARAISO, C.A.;CARACAS;CALLE LOS LIBERALES EDIF. MORISAC PISO PB LOCAL 1 URB.EL PARAISO CARACAS DISTRITO CAPITAL;NULL;10.49164181;-66.92544328;NO
1490507;INVERSIONES BURCA S.R.L.;CARACAS;AV LIBERTADOR CON CALLE EL MU�ECO LOCAL ESTACION DE SERVICIO EL MU�ECO NRO PB URB CHACAO CARACAS EDO MIRANDA;NULL;10.49151931;-66.85827609;NO
317527810;TALLER VAG PERFORMANCE C.A.;CARACAS;AVENIDA PRINCIPAL LOCAL GALPON INDUSTRIAL NRO G-44 URB BOLEITA SUR ENTRE TERCERA Y CUARTA TRANSVERSAL CARACAS;NULL;10.49113082;-66.82221326;NO
502275371;AUTOSFY CORPORATION C.A.;CARACAS;AV LIBERTADOR Y SOROCAIMA EDIF EDIFICA PISO PB LOCAL PB 2 URB EL ROSAL CARACAS (CHACAO) EDO MIRANDA;NULL;10.49099366;-66.86026559;NO
500412878;MULTISERVICIOS CARVIC, C.A.;CARACAS;AVEBUDA KUBERTADIR EBTRE CALLES ELICE Y LA JOYA EDIF CENTRO PARIMA PISO PB LOCAL PB URB CHACAO ESO MIRANDA;NULL;10.49096564;-66.85624044;NO
406134830;INVERSIONES MART-BERT C.A.;CARACAS;AVENIDA LIBERTADOR CON CALLE ALAMEDA EDIF EXA PISO 4 LOCAL ZOTANO 4 URB CHACAO CARACAS EDO MIRANDA;NULL;10.49064369;-66.85938248;NO
307342773;TIO CAUCHO J.G. C.A.;CARACAS;AVENIDA LIBERRTADOR LOCAL NRO SN SECTOR ESQUINA JOSE FELIX SOSA CARACAS CHACAO EDO MIRANDA;NULL;10.49047257;-66.85306151;NO
401740065;SERVICIOS VINTRAVEL, C.A.;CARACAS;AV. PRINCIPAL DE SAN MARTIN EDIF.EL CABILDO, ESTACIONAMIENTO PUBLICO SOOTANO 2, AL LADO DE LA ANTIGUA LOTERIA DE CARACAS Y DIAGONAL AL CENTRO COMERCIAL LOS MOLINOS;NULL;10.49030624;-66.94057699;NO
500552661;MASTER GRUPO 2020 C,A.;CARACAS;AV FRANCISCO DE MIRANDA EDIF TORRE 407 PISO 1 OF 1-1 SECTOR LOS CORTIJOS DE LOURDES CARACAS (PETARE) EDO MIRANDA;NULL;10.48983097;-66.82753765;NO
507514030;ALL TERRAIN AUTO PARTS C.A.;CARACAS;AV LEONARDO DA VINCI EDIF PIGALLE PISO PB LOCAL A-1-1 URB COLINAS DE BELLO MONTE CARACAS EDO MIRANDA;NULL;10.48941946;-66.88049610;NO
505404083;DISTRIBUIDORA ECOLUB 2024 C.A.;CARACAS;AVENIDA LEONARDO DA VINCI ENTRE CALLE PASTEUR Y CALLE CHOPIN EDIF FAURE PISO PB LOCAL S/N URB BELLO MONTE CARACAS DISTRITO FEDERAL;NULL;10.48933143;-66.88080240;NO
297923250;MULTISERVICIOS EL ROSAL C.A.;CARACAS;AV PICHINCHA CRUCE CON CALLE GUAICAIPURO CASA EN EL ANGULO NORTE NRO S/N EL ROSAL CARACAS (CHACAO) EDO MIRANDA;NULL;10.48853989;-66.86767245;NO
502498591;CUSTOM ANGLOVEN, C.A.;CARACAS;CALLE BOMPLAND AV.LEONARDO DAVINCE EDIF. ANGLOMOTORS PISO PB URB. COLINAS DE BELLO MONTE CARACAS EDO. MIRANDA;NULL;10.48841164;-66.88247558;NO
504877875;CORPORACION ANTARTIS33 C.A.;CARACAS;AV PAEZ CON AV MIRANDA DEL PARAISO MUNICIPIO LIBERTADOR DE CARACAS EDIF MIRANDA PISO 1 APT 12 URBANIZACION EL PARAISO CARACAS DTTO CAPITAL;NULL;10.48739703;-66.93312793;NO
506859491;SERVICIOS M2M C.A.;CARACAS;CALLE LA FACULTAD QTA ALVINI LOCAL 2 NRO PB URB LOS CHAGUARAMOS MANZANA B ZONA 2 CARACAS DTTO CAPITAL;NULL;10.48726951;-66.93306191;NO
500689462;CORPORACION GPI AUTO PARTES RL C.A.;CARACAS;AV SUR 4 EDIF GPI AUTO PARTES PISO PB LOCAL PB SECTOR QUINTA CRESPO CARACAS DTTO CAPITAL;NULL;10.48712040;-66.86928331;NO
412457055;GRUPO TIRES GUNS 401, C. A.;CARACAS;AV. PAEZ EDIF SAUMELL PALACE PISO PB LOCAL A URB.EL PARAISO CARACAS DISTRITO CAPITAL;NULL;10.48696608;-66.93280978;NO
501898855;MULTISERVICIOS TRIBOLOGY 22 CA;CARACAS;CALLE LA ROTARIA EDIF DON ALFONSO PISO PB LOCAL E URB EL PARAISO CARACAS DTTO CAPITAL;NULL;10.48669473;-66.94630877;NO
502398180;CARPRESS SPARE STORE C.A.;CARACAS;AV CIUDAD UNIVERSITARIA EDIF CENTRO LAS CUMBRES PISO PB LOCAL 2-A Y 4-A URB LOS CHAGUARAMOS CARACAS DTTO CAPITAL;NULL;10.48667975;-66.88927854;NO
317325303;MULTIEXPRESS JJFM C.A.;CARACAS;LOS CHAGUARAMOS CC CARACAS;NULL;10.48607192;-66.88495994;NO
406565946;SERVICIOS SPEDD MOTORS C.A.;CARACAS;AV VICTORIA CON AVENIDA NUEVA GRANADA CC MULTIPLAZA VICTORIA NIVEL PB LOCAL ESTACIONAMIENTO URB LAS ACACIAS CARACAS DTTO CAPITAL;NULL;10.48596881;-66.90912646;NO
404663258;DISTRIBUIDORA D�ABREU 15-82 C.A.;CARACAS;AV PRESIDENTE MEDINA ENTRE AV NICARAGUA Y AV CENTRO AMERICA EDF ROMANO PISO PB LOCAL 1 URB LAS ACACIAS CARACAS DTTO FEDERAL;NULL;10.48570025;-66.90210355;NO
314353349;LUBRICANTES JHONJANY C.A.;CARACAS;AVENIDA LOS ESTADIOS EDF SAN JOSE LOCAL 1 URB LOS CHAGUARAMOS DTTO CAPITAL;NULL;10.48546150;-66.88519352;NO
296790280;GRUPO SANDOVAL AS C.A;CARACAS;AV PASEO LOS ILUSTRES EDIF CARIBANA PISO P.B. LOCAL NRO 6 URB VALLE ABAJO CARACAS DTTO CAPITAL;NULL;10.48530308;-66.89282632;NO
412573578;DESTILCORP C.A.;CARACAS;AV LA ESTANCIA CC CENTRO COMERCIAL CIUDAD TAMANACO CCCT NIVEL 13 OFC 1301 CHUAO CARACAS CHACAO EDO MIRANDA;NULL;10.48526162;-66.85518940;NO
309970267;AUTOMOVILES CENTROMARCA C.A.;CARACAS;AV PRINCIPAL LOS CORTIJOS ENTRE TRANS NEUMAN EDIF RODELAR PISO PB APT GRAL AD URB LOS CORTIJOS DE LOURDES CARACAS EDO MIRANDA;NULL;10.48494199;-66.82709009;NO
400660912;AUTO PARTES SAHARI 2012 C.A.;CARACAS;AV PRESIDENTE MEDINA  EDIF CENTRO AMERICA PISO PB LOCAL B URB LAS ACACIAS CARACAS DTTO CAPITAL;NULL;10.48482412;-66.89543608;NO
405824603;SERVI FLOTA DISTUCARACAS C.A.;CARACAS;AV EL ESTADIO CON AV LAS ACACIAS EDIF LA MONTA�A PISO PB LOCAL 01 URB LOS CHAGUARAMOS CARACAS DTTO CAPITAL;NULL;10.48451070;-66.88566818;NO
408242907;SERVIAUTO SUPREMO C.A.;CARACAS;AV CARONI EDIF MARI FRANK PISO PB LOCAL 2 URB COLINAS DE BELLO MONTE CARACAS;NULL;10.48447339;-66.87583314;NO
500976623;MULTISERVICIOS AUTOCAR HWY 21, C.A.;CARACAS;AV.CAURIMARE EDIF. RESIDENCIAS DAM PISO PB LOCAL B URB.COLINAS DE BELLO MONTE CARACAS MIRANDA;NULL;10.48443126;-66.87629288;NO
297099760;DISTRIBUIDORA MAURICAR 2009 C.A.;CARACAS;AV ESTADIO CON AV LAS COLINAS EDIF LA MONTA�A ISO PB LOCAL 1 URB LOS CHAGUARAMOS CARACAS DTTO CAPITAL;NULL;10.48440047;-66.88526489;NO
407807927;DISTRIBUIDORA GRALUVEN C.A.;CARACAS;CALLE PRINCIPAL DE LOS RUICES CON CALLE PASCUALE GIORGIO EDIF LANEX PISO PB LOCAL D ZONA LOS RUICES CARACAS EDO MIRANDA;NULL;10.48436876;-66.83096420;NO
500964633;CAUCHOS SUPER TUGA 2021 C.A.;CARACAS;AVENIDA LAS CIENCIAS CALLE CODAZZI QTA EL GUEA NRO 11-14 URB LOS CHAGUARAMOS CARACAS;NULL;10.48436050;-66.88776543;NO
1255524;NEUMATICOS GUAYANA C.A.;CARACAS;AV GUAYANA CON AV EL PARQUE LAS ACACIAS LOS ROSALES CARACAS;NULL;10.48421471;-66.89729920;NO
500997566;RJK CORP, C.A.;CARACAS;CALLE MADRID ENTRE TRINIDAD Y MUCHUCHIES EDF TORRE CFM PISO 14 APT 1411 URB LAS MERCEDES CARACAS EDO MIRANDA;NULL;10.48394527;-66.86079458;NO
315453860;ORFLEX, C.A.;CARACAS;KM 14 CARRETERA PETARE-GUARENAS, SECTOR CAIZA;NULL;10.48316538;-66.73206410;NO
404978224;SERVICIOS Y SUMINISTROS DIJS & CO C.A.;CARACAS;AVENIDA MADRID CASA NRO 21-46 URB LA CALIFORNIA NORTE CARACAS EDO MIRANDA;NULL;10.48290800;-66.82309757;NO
408726904;DISTRIBUIDORA HERNAN 2050 C.A.;CARACAS;AV EL PASEO CON CALLEJON WRANGER DETRAS DEL INCE DE LA NVA GRANADA FRENTE VIDRIOS AMAC CARACAS DTTO CAPITAL;NULL;10.48261367;-66.90392584;NO
411450944;MULTISERVICIOS NEOLUB C,A,;CARACAS;AV LA FLORESTA ENTRE CALLE SANTA ANA Y BUCARE CASA NRO 23 SECTOR PRADO DE MARIA CARACAS;NULL;10.48248478;-66.91085052;NO
504119237;CORPORACION MAXPO C.A.;CARACAS;AV ESTE 16 E/ LA ESQUINA EL SORDO Y ESQUINA DE TABLITAS EDIF RESIDENCIAS MARIA ISABEL PISO PB LOCAL 1 URB SANTA ROSALIA CARACAS DTTO CAPITAL;NULL;10.48226147;-66.89880026;NO
314465791;REPUESTOS TOTAL GRANADA C.A.;CARACAS;AV NUEVA GRANADA EDIF SOLER PISO PB LOCAL TOTAL PARTS URB CEMENTERIO CARACAS DTTO FEDERAL;NULL;10.48206758;-66.90473588;NO
316759997;INVERSIONES MOTO TRANSFORMER C.A.;CARACAS;AV GARCI GONZALEZ DA SILVA ENTRE 2DA TRANSV Y CALLE 7 LOCAL GALPON REPRESENTAD LANCHO NRO PB URB INDUSTRIAL LA YAGUARA DTTO CAPITAL;NULL;10.48103580;-66.96220092;NO
407710060;INVERSIONES CORREIA 9161 C.A.;CARACAS;CALLE SANTA ANA LOCAL NRO 64-28 URB PRADO DE MARIA CARACAS DTTO CAPITAL;NULL;10.47914244;-66.91014799;NO
294366554;MOTO REPUESTO FASHION,C.A.;CARACAS;AV.FRANCISCO DE MIRANDA, CALLE LEBRUM, EDIF. LEBRUM PB. LOCAL 09 PETARE.;NULL;10.47888094;-66.81097322;NO
304876688;CAUCHOS CALIFORNIA, C.A.;CARACAS;AVENIDA SAN FRANCISCO CON CALLEJON AJURO. LA CALIFORNIA NORTE. CARACAS.;NULL;10.47876179;-66.81703384;NO
404631810;INVERSIONES 123777,C.A.;CARACAS;AV FRANCISCO DE MIRANDA ENTRE 1RA Y 2DA TRANSVERSAL BUENA VISTA CASA COMERCIOS MANAURES NRO 9 PB URB LA CALIFORNIA CARACAS EDO MIRANDA;NULL;10.47873852;-66.81553200;NO
306532447;CAUCHERA JOLUMAR, C,A;CARACAS;PETARE,  CARACAS;NULL;10.47786486;-66.80149859;NO
311638091;TRANSPORTE DG 8070 C.A.;CARACAS;AV LA BRISAS LOCAL NROS 565-567 URB TURUMO CAUCAGUITA EDO MIRANDA;NULL;10.47765123;-66.76397567;NO
31069789;SERVICAUCHOS DOBLE A, C.A.;CARACAS;AV. TERESA DE LA PARRA CON CALLE SEMPRUN SANTA MONICA,CARACAS;NULL;10.47757611;-66.89348309;NO
302943116;DISTRIBUIDORA PRIME C.A.;CARACAS;CALLE 2DA CALLE LA INDUSTRIA LOCAL GALPON NRO. 54 ZONA INDUSTRIAL DE PALO VERDE CARACAS (PETARE) EDO MIRANDA;NULL;10.47651049;-66.79331844;NO
502364099;REPUESTOS MIRANDINO, C.A;CARACAS;AV.PAEZ DEL PARAISO OTA LOLA MARIA NRO. LOCAL 3 ZONA LA VEGA CARACAS DISTRITO CAPITAL;NULL;10.47649314;-66.94433107;NO
312822830;REPRESENTACIONES TORNIACERO C.A.;CARACAS;AVENIDA ARTURO MICHELENA EDIF ERMONT PISO PB LOCAL B URB SANTA MINICA CARACAS DTTO CAPITAL;NULL;10.47439736;-66.89368756;NO
308505293;E & E CUSTOM BROKERS, C.A;CARACAS;CALLE MUNICIPIO EDIF. PUERTO AZUL PISO 2 OF 2-05 Y 2-06 ZONA MUELLE, PTO CABELLO, PUERTO CABELLO, EDO CARABOBO.;NULL;10.47344811;-68.00832924;NO
501318271;ZEGAMANIA C.A.;CARACAS;AV LOS PROCERES CC LOS PROCERES NIVEL FERIA PISO 2 LOCAL P2-001 SECTOR CASCO CENTRAL CARACAS DTTO CAPITAL;NULL;10.47293035;-66.89521381;NO
2747552;ALFARERIA LA MARGARITA C.A.;GUATIRE;CTRA GUARENAS GUATIRE LOCAL S/N NRO. S/N URB LAS FLORES SECTOR LAS BARRANCAS GUATIRE EDO MIRANDA;NULL;10.46728055;-66.55596277;NO
501674086;DESARROLLOS 1947 RUTA C.A.;GUATIRE;AV INTERCOMUNAL GUARENAS-GUATIRE LOCAL NRO 02 ZONA INDUSTRIAL VEGA ARRIBA GUATIRE EDO MIRANDA;NULL;10.46673348;-66.56986408;NO
413143470;INVERSIONES REPUESTOS LOUCARS 2019 C.A.;GUATIRE;INTERCOMUNAL GUARENAS-GUATIRE DETRAS DEL CENTRO COMERCIAL BUENAVENTURA VISTA PLACE EDO MIRANDA;NULL;10.46592900;-66.57553985;NO
405709979;INVERSIONES RMR 2015 C.A.;CARACAS;CRTRA EL JUNQUITO KM 21 EDIF REFUGIO ALPINO PISO PB LOCAL 8 SECTOR MONTE GRAPPA EL JUNKO VARGAS DTTO CAPITAL;NULL;10.46438798;-67.06480757;NO
502607463;CARSMEC 712 C.A.;CARACAS;AV CIRCUNVALACION EL SOL CALLE EL HOTEL CC EL SOL NIVEL ESTACIONAMIENTO LOCAL 3 URB SANTA PAULA CARACAS EL CAFETAL EDO MIRANDA;NULL;10.46406342;-66.83381637;NO
502785841;INVERSIONES TODOAUTO 2301 C.A.;CARACAS;AV LAGO DE MARACAIBO CON VALENCIA CC CUMRES DE CURUMO NIVEL PB OF PB URB CUMPRES DE CURUMO CARACAS EDO MIRANDA;NULL;10.46141403;-66.88546419;NO
502085645;GRUPO INVICTUS12 C.A.;CARACAS;AV PRINCIPAL EL CAFETAL CC PLAZA LAS AMERICAS NIVEL 3 LOCAL 79 URB EL CAFETAL CARACAS EDO MIRANDA;NULL;10.45912907;-66.82909785;NO
412858513;CAUCHOS PLAZA 74 C.A.;CARACAS;AV BOULEVARD RAUL LEONI CC PLAZA LAS AMERICAS II ETAPA NUEVA NIVEL E2 LOCAL 01 URB EL CAFETAL CARACAS EDO MIRANDA;NULL;10.45805066;-66.82972241;NO
411329100;CORPORACION MOTORK PARTES C.A.;CARACAS;CALLE SUCRE 12 CC BRALOM NIVEL PB LOCAL 12 URB EL HATILLO CARACAS  EDO MIRANDA;NULL;10.45780659;-66.82901521;NO
3002160;CAUCHOS RIO DE ORO C.A.;CARACAS;AV. RIO DE ORO CON CALLE GIRASOL URB. PRADOS DEL ESTE CARACAS;NULL;10.45449211;-66.87577568;NO
954500;SVF CONSULTING REPRESENTACIONES C.A.;CARACAS;A RIO PARAGUA CC LA PIRAMIDE NIVEL 2 OF 201 SECTOR PRADO DEL ESTE CARACAS EDO MIRANDA;NULL;10.45318878;-66.87114306;NO
296005435;RAFCARS EXPRESS C.A.;CARACAS;AV PRINCIPAL DE LA GUAIRITA A 100 MTS DEL ARCO LOCAL RAFCARS EXPRESS URB LA GUAIRITA CARACAS E� HATILLO EDO MIRANDA;NULL;10.45000312;-66.82219569;NO
312711507;CUCHI LUB SERVICE C.A.;CARACAS;AV CAURIMARE EDIF RESIDENCIAS DAM PISO PB LOCAL B URB CARRETERA VIA EL CEMENTERIO DEL ESTE LA GUAIRITA EDO MIRANDA;NULL;10.44999315;-66.82219358;NO
412889044;INVERSIONES FANARDOS 123 C.A.;CARACAS;CALLE LA PEDRERA EDIF SANSON PISO PB LOCAL 3 SECTOR LAS MINAS DE BARUTA LAS MINAS DE BARUTA CARACAS EDO MIRANDA;NULL;10.44938878;-66.85787225;NO
411359033;AUTOPARTES Y REPUESTOS LAN, C.A;CARACAS;CALLE EL TEJAR CASA RESIDENCIAS BUCKINGHAN N� 09 URB COLINAS DE LA TRINIDAD CARACAS MIRANDA;NULL;10.44290805;-66.86401241;NO
402380135;TRANSPORTE RAUDO 1729 C.A.;CARACAS;AV GONZALEZ RINCONES CON CALLE LA LIMONERA EDF RODE PISO PB LOCAL PB URB ZONA INDUSTRIAL LA TRINIDAD CARACAS EDO MIRANDA;NULL;10.43828676;-66.86419177;NO
317177800;MULTISERVICIOS LOS PREVETE C.A.;CARACAS;CALLE ENTRADA BARUTA EDIF RESIDENCIAS UNO PISO PB LOCAL PLANTA BAJA URB EL PLACER DE MARIA CARACAS;NULL;10.43763288;-66.87694046;NO
410270390;DISTRIBUIDORA VAL VAL C.A.;CARACAS;BARUTA AV SAN SEBASTIAN LOCAL A ANTES DE PROLICOR 1080 CARACAS EDO MIRANDA;NULL;10.43633696;-66.87423520;NO
413281139;7CARS AUTOPARTES C.A.;CARACAS;CALLE PAEZ CON RONDON CASA NRO 28 URB PUEBBLO NUEVO DE BARUTA CARACAS EDO MIRANDA;NULL;10.43601964;-66.87206903;NO
504708194;TRINI AUTOLAVADO Y MULTISERVICIOS C.A.;CARACAS;AVENIDA SAN SEBASTIAN CON CALLE PROVIDENCIA LOCAL ESTACION DE SERVICIO LA TRINIDAD NRO 1 ZONA LA TRINIDAD CARACAS EDO MIRANDA;NULL;10.43505384;-66.86955218;NO
315523213;CORPORACI�N EURO AVANT, C.A.;CARACAS;CALLE PRINCIPAL BARUTA, EL PLACER, CONJUNTO INDUSTRIAL PIEDRA AZUL, LOCAL N� 5. CARACAS;NULL;10.42899696;-66.87337027;NO
500300581;RECUPERADORA METAL CORP , C.A;CARACAS;INTERCOMUNAL LA BOYERA EL HATILLO C.C. PLAZA LA BOYERA, NIVEL NA LOCAL NA-L-29 CARACAS - EDO.MIRANDA;NULL;10.42894003;-66.84005241;NO
307358178;TEAM MARINE C.A.;CARACAS;AV PPAL HATILLO LOCAL CON SU MOTO AL FRENTE DE TIRE CENTER KLA BOYERA HATILLO EDO MIRANDA;NULL;10.42659329;-66.83602710;NO
313075035;TIRE CENTER LA BOYERA, C.A.;CARACAS;AV INTERCOMUNAL LA TRINIDAD-EL HATILLO, SECTOR LOS PINOS. LA BOYERA. CARACAS.;NULL;10.42639878;-66.83618193;NO
297992367;DISTRIBUIDORA PINOS 181297 C.A.;CARACAS;CALLE 2 DE MAYO CON CALLE BOLIVAR CASA SANTA ANA EL HATILLO CARACAS EDO MIRANDA;NULL;10.42555086;-66.82592084;NO
298085320;INVERSIONES CUICAUCHO JAS C.A.;CARACAS;CTRA LA MARIPOSA VIA LA MARIPOSA LOCAL NRO. 1 URB TURMERITO LAS MAYAS CARACAS;NULL;10.41996331;-66.92895165;NO
403917612;SILENCIADORES DA SILVA CARS, C.A.;CARACAS;CTRA LOS GUAYABITOS LOCAL PARCELAS NRO 13 Y 14 BARRIO EL PROGRESO CARACAS EDO MIRANDA;NULL;10.41739088;-66.87245677;NO
310128316;AUTOLAVADO RUSTIUNION C.A.;CARACAS;CTRA LA UNION LOCAL GALPONAUTOLAVADO RUSTIUNION NRO TURE EL HATILLO SECTOR EL OTRO LADO CARACAS EL HATILLO EDO MIRANDA;NULL;10.41487584;-66.82645979;NO
411397326;CAUCHOS ACCESORIOS TO�O WHEELS 028 C.A.;LOS TEQUES;CTRA PANAMERICANA KM 13 CC CAPO DI MONTE NIVEL PB LOCAL PB 1 Y PB2 URBANIZACION SAN ANTONIO DE LOS ALTOS MIRANDA;NULL;10.41120938;-66.95767154;NO
296212767;IMPLEMENTOS DOBLE & MOCHA C.A.;LOS TEQUES;CALLE PRINCIPAL EL PICACHO LOCAL GALPON NRO S/N URB EL PICACHO SAN ANTONIO DE LOS ALTOS EDO MIRANDA;NULL;10.37563921;-66.95760566;NO
304042868;AUTO BRANMAR, C.A.;LOS TEQUES;AV.PEDRO RUSSO FERRER EDIF.AUTO BRANMAR PISO PB LOCAL GALPON HYUNDAI, SECTOR EL TAMNOR - LOS TEQUES EDO.MIRANDA;NULL;10.35278617;-67.02956692;NO
309645196;AUTOACCESORIOS SUPERAUTO C.A.;LOS TEQUES;CTRA PANAMERICANA KM23 EDI REESD MARVI PISO PB LOCAL C SECTOR LOS CERRITOS LOS TEQUES EDO MIRANDA;NULL;10.34845504;-67.02418095;NO
316889939;SERVICAUCHOS DOBLE A II C.A.;LOS TEQUES;CTRA PANAMERICANA KM23 CASA PARCELA # 8 A-1 ZONA INDUSTRIAL LOS CERRITOS LOS TEQUES EDO MIRANDA;NULL;10.34826495;-67.02469589;NO
298962020;MULTIAUTOS EXITO 2200 C.A.;LOS TEQUES;CTRA PANAMERICANA KM 24 CASA NRO S/N URB LA MARTICA LOS TEQUES EDO MIRANDA;NULL;10.32898680;-67.04124556;NO
401494951;DISTRIBUIDORA NEUMAPARTS C.A.;VALENCIA;CALLE CEDE�O C/C MARI�O C.C.P. MARI�O LOCAL 7 GUACARA EDO CARABOBO;NULL;10.23028037;-67.87566014;NO
403331200;G & D CARS SHOP C.A.;MARACAY;AV INTERCOMUNAL MARACAY TURMERO CC EMPRESARIAL Y SERVICIOS VILLAS DEL ESTE LOCAL NIVEL PB LOCAL NRO 19 SECTOR VILLAS MARACAY EDO ARAGUA;NULL;10.21287388;-67.48224653;NO
75193687;TRANSPORTE INTERMUNDIAL S.A.;VALENCIA;CARRETERA VALENCIA GUIGUE AV. 73 LOCAL 103-500 SECTOR FLOR AMARILLO VALENCIA EDO CARABOBO;NULL;10.14654448;-67.94663915;NO
75033736;RENOVADORA CAUCA C.A.;BARQUISIMETO;CR 5 ENTRE CALLES 31 Y 32 EDF CAUCA PISO 1 LOCAL SEDE PRINCIPAL ZONA INDUSTRIAL I BARQUISIMETO EDO LARA;NULL;10.07502995;-69.35318576;NO
504892971;DIMCAUCHO EXPRESS III C.A.;BARQUISIMETO;CR 5 ENTRE CALLES 31 Y 33 LOCAL NRO S/N ZONA INDUSTRIAL I BARQUISIMETO EDO LARA;NULL;10.07380482;-69.35948476;NO
410290315;REPUESTOS Y LUBRICANTES TIPURO C.A.;MATUR�N;CALLE 01 MANZANA C2 CASA NRO 9 URB TIPURO MATURIN EDO MONAGAS;NULL;9.78334550;-63.19716930;NO
2355727;AGROPECUARIA EL RETORNO, C.A.;P�RITU;CTRA NACIONAL VIA TUREN EDIF S/N PISO P.B. OF PRINCIPAL DE AGROPECUARIA EL RETORNO, C.A. SECTOR EL DAN PIRITU PORTUGUESA;NULL;9.32939965;-69.17001608;NO
401057462;SUPER KAUCHOS GILSA C.A.;VALERA;AV BOLIVARIANA C/C 18 LOCAL NRO S/N URB LAS ACACIAS MUNICIPIO VALERA EDO TRUJILLO VALERA TRUJILLO;NULL;9.30559633;-70.60835807;NO
296573425;GRUPO CONERSA C.A.;BARCELONA;AV FERNANDEZ PADILLA LOCAL 7-31 SECTOR CENTRO SAN JOSE DE GUANIPA (EL TIGRITO) EDO ANZOATEQUI;NULL;8.89454714;-64.17659707;NO
302648785;FERREAGRO EL TIGRE C.A.;EL TIGRE;AV ESPA�A EDIF TOUFIC ABDALLAH PISO PB LOCAL NRO 67 SECTOR CENTRO EL TIGRE EDO ANZOATEQUI;NULL;8.89207037;-64.26342520;NO
310743339;MATADERO AVICOLA LOS LLANOS C.A.;VALENCIA;CALLE CEDE�O GALPON S/N BARRIO JIJAGUAS BARINAS EDO BARINAS;NULL;8.61646241;-70.18849419;NO
402986980;NEUMATICOS CASTILLITO C.A.;PUERTO ORDAZ;AV PRINCIPAL DE CASTILLITO LOCAL NRO 28 SECTOR UD-214 LOS MONOS PUERTOS ORDAZ CIUDAD GUAYANA EDO BOLIVAR;NULL;8.31405402;-62.70625360;NO
309968793;GERENPRO C.A.;PUERTO ORDAZ;AV SOROCAIMA EDIF EDIFICA PISO 1 LOCAL 01-A URB CHACAO CARACAS EDO MIRANDA;NULL;8.29209371;-62.79228595;NO
299985530;MULTICAUCHOS UNARE C.A.;CIUDAD GUAYANA;AVENIDA PRINCIPAL DE LA ZONA INDUSTRIAL DE UNARE II MANZ NRO 02 LOCAL PARCELA NRO 10 SECTOR ZONA INDUSTRIAL DE UNARE II  PUERTO ORDAZ CIUDAD GUAYANA BOLIVAR;NULL;8.27996807;-62.76328274;NO
107017;DELL ACQUA, C.A.;CIUDAD GUAYANA;AVENIDA LAS AMERICAS CC ANTO NIVEL 02 OF 02 SECTOR CENTRO DE PUERTO ORDAZ CIUDAD GUAYANA BOLIVAR;NULL;8.24544698;-62.82218962;NO
294188427;INVERSIONES S.S.& P. COMPA�IA ANONIMA;CIUDAD BOL�VAR;AV. ANDRES BELLO EDIF NEPIMAR PISO PB LOCAL 3 SECTOR AEROPUERTO CIUDAD BOLIVAR.;NULL;8.12772031;-63.53623318;NO
301724739;CONSTRUCCIONES Y PROYECTOS MAKA C.A.;CIUDAD BOL�VAR;CALLE BRUZUAL CASA MANZANA K2 NRO S/N URB ANDRES ELOY BLANCO PQUIA VISTA HERMOSA ANGOSTURA DEL ORINOCO CIUDAD BOLIVAR EDO BOLIVAR;NULL;8.10314695;-63.53295624;NO
310686998;RUSTISNORKEL ACCESORIOS 4X4 C.A.;SAN CRIST�BAL;CALLE PRINCIPAL LOCAL GALPON NRO. B-9 SECTOR MACHIRI SAN CRISTOBAL EDO TACHIRA;NULL;7.80394861;-72.21204578;NO
310891192;GEMACAUCHO C.A;SAN CRIST�BAL;CARRERA 9 CASA 3-60 BARRIO EL CARMEN LA CONCORDIA, SAN CRISTOBAL, EDO TACHIRA;NULL;7.74869348;-72.23217342;NO
405849770;LUBRICANTES QUINTERO SILVA C.A.;CARACAS;AVENIDA FERMIN TORO CASA NRO 9 PISO 1 URB SAN BERNARDINO CARACAS DTTO CAPITAL;NULL;1.05158996;-66.90353727;NO
502688609;REPUESTOS 1000 MILLAS C.A.;CARACAS;AVENIDA ANDRE BELLO FRENTA A LA CLINICA MENDEZ GIMON CARACAS DTTO CAPITAL;NULL;1.05094416;-66.93728155;NO
505253042;CHEVROMARIPEREZ C.A.;CARACAS;AV PPAL DE MARIPEREZ AUTUSTO C SANDINO EDIF MAX PISO PB LOCAL PB URB MARIPEREZ CARACAS DTTO CAPITAL;NULL;1.05064445;-66.88655641;NO
400698324;REPUESTOS ENCABUS 2012 C.A.;CARACAS;AV TERCERA CON TERCERA CALLE DE PROPATRIA LOCAL NRO 23-C URB PROPATRIA CARACAS DTTO CAPITAL;NULL;1.05028964;-66.95484420;NO
504760900;TALLERESLEO245-1 C.A.;CARACAS;AV SUCRE DE OS DOS CAMINOS ENTRE 7MA Y 8VA TRANSVERSAL QTA ESPERANZA URB LOS DOS CAMINOS CARACAS EDO MIRANDA;NULL;1.05028599;-66.83290204;NO
500160755;SUMINISTROS Y OBRAS ALTA TENSION 2017 CA;CARACAS;ESQUINA SAN FRANCISQUITO AV OESTE 18 Y SUR 14 EDF ARAGOT PISO PB OF 11 URB PARROQUIA SAN JUAN CARACAS DTTO CAPITAL;NULL;1.04968995;-66.92473704;NO
642788;NOMAD 4WD, C.A.;CARACAS;CALLE SAN IGNACIO DE LOYOLA QTA ITALMUEBLE PISO 1, CHACAO, CARACAS;NULL;1.04958787;-66.85597187;NO
507072878;DTLS AUTOPARTES 2025 C.A.;CARACAS;CALLE GUANCHEZ EDIF DON SILVIO PISO PB LOCAL 3 URB BUENA VISTA CARACAS EDO MIRANDA;NULL;1.04944874;-66.83032736;NO
305578249;TALLER CHBC C.A.;CARACAS;AV LIBERTADOR CON CALLE BERMUDEZ LOCAL TALLER CHBC URB BELLO CAMPO (CHACAO) CARACAS EDO MIRANDA;NULL;1.04905376;-66.85258649;NO
295755090;T & H PRODUCCIONES C.A.;CARACAS;AV FRANCISCO DE MIRANDA EDIF EASO PISO 9 OF LETRA D URB EL ROSAL CARACAS (CHACAO) EDO MIRANDA;NULL;1.04904401;-66.86602774;NO
300737020;INVERSIONES ENTREPRENUR C.A.;LOS TEQUES;CALLE GUAICAIPURO CON CALLE MOHEDANO LOCAL PARCELA NRO 206  URB EL ROSAL CARACAS (CHACAO) EDO MIRANDA;NULL;1.04891191;-66.86384628;NO
400199298;ARIDOS ESTRUCTURALES ARIESCA C.A.;CARACAS;CALLE GUAICAIPURO CON MOHEDANO EDIF TORRE HNER PISO 5 OF 5A URB EL ROSAL CHACAO CARACAS EDO MIRANDA;NULL;1.04889186;-66.86426640;NO
500671504;RUSTIAUTO 8K C.A.;CARACAS;CALLE OXFORD LOCAL CENTRO RORAIMA NRO 4 URB COLINAS DE BELLO MONTE CARACAS EDO MIRANDA;NULL;1.04883436;-66.87605938;NO
500434693;INVERSIONES TODOCAR�S C.A.;CARACAS;CALLE TERCERA CON AVENIDA PRINCIPAL MANZANA G CASA OLGUI�A URB LAS FUENTES CARACAS DTTO CAPITAL;NULL;1.04852122;-66.94334380;NO
412977709;INVERSIONES DOCTOR OIL C.A.;CARACAS;AV EL STADIUM ENTRE CALLES VARGAS Y CODAZZI QTA JUDIK NRO D URB LOS CHAGUARAMOS CARACAS DTTO CAPITAL;NULL;1.04838451;-66.88684556;NO
412617907;CENTRO DE LUBRICACION BBBS C.A.;CARACAS;AV EL PASEO EDIFICIO CABRINI LOS ROSALES CARACAS DTTO CAPITAL;NULL;1.04836572;-66.90282722;NO
402655246;IMPORTACIONES Y EXPORTACIONES EQUIMAR C.A.;CARACAS;AVENIDA EL ESTADIUM CON CALLE SANZ QTA BELEN NRO SECTOR III URB LOS CHAGUARAMOS CARACAS;NULL;1.04828229;-66.88743360;NO
313300489;DISTRIBUIDORA ODR C.A.;CARACAS;AVENIDA ROOSEVELT ENTRE CALLE AMERICA Y BERMUDEZ CASA NRO 49 URB LOS ROSALES CARACAS DTTO CAPITAL;NULL;1.04820574;-66.89854289;NO
310090203;MULTICAUCHOS LOS NARANJOS,  C.A.;CARACAS;CALLE SUBIDA ALTO HATILLO CASA NRO S/N URB. LOS NARANJOS CARACAS (EL HATILLO) MIRANDA;NULL;1.04817851;-66.89103003;NO
1700897;AUTOLAVADO EL MAYORAL, C.A.;CARACAS;AV EL PARQUE # 12 PLAZA TIUNA FRENTE A EDIFICIO FLORENCIA LOS ROSALES SANTA ROSALIA CARACAS DTTO FEDERAL;NULL;1.04811971;-66.89963486;NO
5002009817;CORPORACION FENIX 88 C.A.;CARACAS;AV JOSE MARIA VARGAS CC CENTRO COMERCIAL SANTA FE NIVEL D1 LOCAL C1-07 URB SANTA FE CARACAS EDO MIRANDA;NULL;1.04663389;-66.87158042;NO
312546220;INVERSIONES 202122 S.A.;CARACAS;AV. LAS COLINAS CC LAS COLINAS NIVEL E2 LOS SAMANES;NULL;1.04517440;-66.85069239;NO
404466738;AUTOMECANICA MARILU 2014, C.A.;CARACAS;CALLE FINAL DE LA PEDRERA CASA NRO 103 ZONA INDUSTRIAL GUAICAY CARACAS - MIRANDA;NULL;1.04485607;-66.85770113;NO
500834144;INYECTORES AMAZON C.A.;CARACAS;CALLE PRINCIPAL CASA LOMAS BAJAS NRO S/N SECTOR HOYO DE LA PUERTA CARACAS EDO MIRANDA;NULL;1.04353282;-66.87475746;NO
410790148;REMODELACIONES IVANRO C.A.;CARACAS;AV INTERCOMUNAL EL HATILLO LOCAL ESTACION DE SERVICIO LA ESMERALDA NRO 24-4 URB BARUTA CARACAS EDO MIRANDA;NULL;1.04318748;-66.85071863;NO
500002190;MOTOLAVADO EL HATILLO C.A.;CARACAS;EL HATILLO CALLE COMERRCIO CON CALLE SUCRE, CARACAS EDO MIRANDA;NULL;1.04234381;-66.82546380;NO
304556977;AUCROM S.A.;CARACAS;AV LAS LOMAS CC LOMAS DE LA LAGUNITA NIVEL MEZZANINA LOCAL MEZ-2 URB LOMAS DE LA LAGUNITA CARACAS (EL HATILLO) EDO MIRANDA;NULL;1.04212869;-66.80350175;NO
410489979;MULTISERVICIOS BIGOTIRE,C.A.;LOS TEQUES;CARRETERA PANAMERICANA KM 16, 8A. SAN ANTONIO DE LOS ALTOS - EDO MIRANDA;NULL;1.03692246;-66.98474976;NO
401318975;ASOCIACION CIVIL INDEPASIB;SANTA TERESA DEL TUY;CALLE LOS CLAVELES LOCAL C.C.M.C. EMPRESARIAL LAS FLORES, LOCAL NRO S/N URB LAS FLORES SANTA TERESA DEL TUY EDO MIRANDA;NULL;1.02315888;-66.66845227;NO
75301682;ASOC CIVIL UNION DE CONDUCTORES TURMERO MARACAY;MARACAY;CALLE ORINOCO CASA NRO 49 URB CESAR RODRIGUEZ PALENCIA TURMERO EDO ARAGUA;NULL;1.02255545;-67.53064452;NO
500187292;PITS AUTO PARTS C.A.;VALENCIA;CALLE 112 PASEO CUATRICENTENARIO LOCAL COMERCIAL NRO 11-405 EL BOSQUE VALENCIA EDO CARABOBO;NULL;1.01854121;-67.96483007;NO
80281632;RENOVADOS ORIENTE C.A.;MATUR�N;AVENIDA BELLA VISTA EDIF CARAMIA PISO PB OF 3 SECTOR BELLA VISTA MATURIN EDO MONAGAS;NULL;9.73622673;-63.21938262;NO
295425880;DISTRIBUIDORA MONTERREY S.A.;ACARIGUA-ARAURE;AV LOS PIONEROS SALIDA HACIA GUANARE LOCAL 01 ZONA ARAURE ARAURE EDO PORTUQUESA;NULL;9.53931615;-69.22662056;NO
313183270;GRUPO MUNDIAL C.A.;PUERTO ORDAZ;ZONA INDUSTRIAL MATANZAS CALLE EL SAMAN PARCELA 01-04B 1ER PISO PUERTO ORDAZ EDO BOLIVAR;NULL;8.27993590;-62.80398770;NO
501999929;ETNEIROS, C.A.;CIUDAD BOL�VAR;AV ANDRES BELLO CC NUCCIO NIVEL PB LOCAL 12-A SECTOR AVENIDA ANDRES BELLO PARROQUIA CATEDRAL MUNICIPIO ANGOSTURA DEL ORINOCO CIUDAD BOLIVAR EDO BOLIVAR;NULL;8.12805810;-63.53667476;NO
386579;VINCCLER C.A.;CARACAS;AV. PRINCIPAL LA SALLE EDIF. FIORELLA PISO PB APT PLANTA BAJA URB COLINAS DE LOS CAOBOS CARACAS;NULL;10.50518077;-66.88461311;NO
293628091;AUTODETAILING PROFESIONAL 123 C.A.;CARACAS;AV PPAL DE LA CASTELLANA CON CALLE JOSE ANGEL LAMAS LOCAL TIRE CENTER LA CASTELLANA NRO PB2 URB LA CASTELLANA CARACAS (CHACAO) EDO MIRANDA;NULL;10.49918863;-66.85251362;NO
296662134;TIRE CENTER LA CASTELLANA II, C.A.;CARACAS;AV. PRINCIPAL DE LA CASTELLANA CON JOSE ANGEL LAMAS, EDIF. TIRE CENTER, URB. LA CASTELLANA.;NULL;10.49915448;-66.85243367;NO
313808032;SOLUCIONES INTEGRALES ADI, C.A.;CARACAS;LA CAMPI�A - CARACAS;NULL;10.49798247;-66.87330151;NO
506731681;INVERSIONES Y PERIQUITOS TIMO C.A.;SANTA TERESA DEL TUY;AV OESTE 16 ESQUINA DE MONZON A PALMITA EDIF THAIS PISO PB LOCAL 1 SECTOR QUINTA CRESPO CARACAS DTTO CAPITAL;NULL;10.49692196;-66.91646385;NO
504977802;BIG WHELLS C.A.;CARACAS;CALLE CECILIO ACOSTA LOCAL NRO 10 URB CHACAO CARACAS EDO MIRANDA;NULL;10.49351672;-66.85387052;NO
500031327;GRUPO LUMOTORS CENTER 14 C.A.;CARACAS;AV PUENTE HIERRO INTERCEPCION DE LA AVENIDA PRINCIPAL Y LA PRIMERA CALLE EDIF CANAC PISO PB LOCAL PB URB LA FLORES DE PUENTE HIERRO CARACAS;NULL;10.49330780;-66.91303548;NO
502340432;GRUPO 3030, C.A.;CARACAS;CALLE 1RA CON TRANSVERSAL IZQUIERDA EDIF VOGUE PISO PB LOCAL LCPB-5 URB BOLEITA CARACAS EDO MIRANDA;NULL;10.48878626;-66.82385631;NO
311612017;CENTRO DE CAUCHOS MARICHE, C.A.;CARACAS;CARRETERA PETARE - SANTA LUCIA, KM8, SECTOR LA CANDELARIA, FILAS DE MARICHES;NULL;10.47911140;-66.78185819;NO
404012117;CAUCHERA PACAIRIGUA OM, C.A.;GUATIRE;CALLE RIVAS LOCAL NRO 74 URB. CASTILLEJO GUATIRE EDO.MIRANDA;NULL;10.47411613;-66.54696809;NO
500780397;DISTRIBUIDORA MUNDO EN RUEDAS 2030 C.A.;GUATIRE;CALLE RIVAS LOCAL NRO 17 ZONA CASCO TRADICIONAL GUATIRE EDO MIRANDA;NULL;10.47345634;-66.54245252;NO
410489219;MULTISERVICIOS EK2 2011, C.A;CARACAS;AV. PRINCIPAL EDIF.16 PISO 01 APT.1-D URB.TERRAZAS DE LA VEGA, CARACAS;NULL;10.46357250;-66.94847028;NO
411745070;KIOSCO LOS BOMBEROS EL CAFETAL C.A.;CARACAS;CARACAS EDO MIRANDA;NULL;10.45773807;-66.82725396;NO
297051627;MULTISERVICIOS LA GUAIRITA PRIX, C.A.;CARACAS;CALLE PPAL DE LA GUAIRITA. CARACAS - ESTADO MIRANDA.;NULL;10.45241858;-66.82145735;NO
294147569;INVERSIONES Y TRANSPORTES MI NUEVA ESPERANZA C.A.;CHARALLAVE;CTRA CHARALLAVE CUA CALLE 8 LOCAL NRO 125-B ZONA INDUSTRIAL RIO TUY CHARALLAVE EDO MIRANDA;NULL;10.21118207;-66.87389779;NO
500449321;VIVA SUPERCENTRO C.A.;CARACAS;AV PRINCIPAL DE BOLEITA LOCAL NRO AUTOCENTRO URB BOLEITA CARACAS EDO MIRANDA;NULL;10.48731506;-66.82336390;NO
J306689591      ;CAUCHOS SANTA FE, C.A.;CARACAS;CTRA VIEJA BARUTA LOCAL NRO 5 URB.SANTA FE SUR - CARACAS EDO.MIRANDA;NULL;10.46469532;-66.86393174;NO